{"cameraMode":{"drawMode":0,"name":"Shaded","section":"Shading Mode"},"sceneLighting":false,"audioPlay":false,"sceneViewState":{"showFog":true,"showMaterialUpdate":false,"showSkybox":true,"showFlares":true,"showImageEffects":true,"showParticleSystems":true},"in2DMode":false,"pivot":{"x":-0.3109999895095825,"y":1.4110000133514405,"z":3.2799999713897707},"rotation":{"x":-0.08398541808128357,"y":-0.88090580701828,"z":0.1706872284412384,"w":-0.4333789050579071},"size":3.507840394973755,"orthographic":true}