{"cameraMode":{"drawMode":0,"name":"Shaded","section":"Shading Mode"},"sceneLighting":true,"audioPlay":false,"sceneViewState":{"showFog":true,"showMaterialUpdate":false,"showSkybox":true,"showFlares":true,"showImageEffects":true,"showParticleSystems":true},"in2DMode":false,"pivot":{"x":7.298154354095459,"y":10.494598388671875,"z":5.658891677856445},"rotation":{"x":0.23711568117141725,"y":0.002920040162280202,"z":-0.0006840741261839867,"w":0.9714767932891846},"size":30.648386001586915,"orthographic":true}